Prepocessed_Text,True Label,Predicted Label,text_x,polarity,text_y
"I just come across this idiom in some open - source Python , and I choke on my drink . rather than : or even : the code read : I can see this be the same result , but be this a typical idiom in Python ? if so , be it some performance hack that run fast ? or be it just a once - off that need a code review ?",negative,neutral,"I just come across this idiom in some open - source Python , and I choke on my drink . rather than : or even : the code read : I can see this be the same result , but be this a typical idiom in Python ? if so , be it some performance hack that run fast ? or be it just a once - off that need a code review ?",negative,"I just came across this idiom in some open-source Python, and I choked on my drink. Rather than: or even: the code read: I can see this is the same result, but is this a typical idiom in Python? If so, is it some performance hack that runs fast? Or is it just a once-off that needs a code review?"
"I have see this bug in resharper 4.1 . it happen when the base class be in the App_Code directory . do not know how to fix it , very annoying , code still compile though .",negative,neutral,"I have see this bug in resharper 4.1 . it happen when the base class be in the App_Code directory . do not know how to fix it , very annoying , code still compile though .",negative,"I've seen this bug in resharper 4.1. It happens when the base class is in the App_Code directory. Don't know how to fix it, very annoying, code still compiles though."
"this be annoyingly annoying ... if you have a the need to export your RegexBuddy history you can take a look at , which print to the console your history , also as Json .",negative,neutral,"this be annoyingly annoying ... if you have a the need to export your RegexBuddy history you can take a look at , which print to the console your history , also as Json .",negative,"This was annoyingly annoying... If you have a the need to export your RegexBuddy history you can take a look at , which prints to the console your history, also as Json."
"hate to say it , but how about just test it ?",negative,neutral,"hate to say it , but how about just test it ?",negative,"Hate to say it, but how about just testing it?"
( lack of line break in comment be sadden ! ),negative,positive,( lack of line break in comment be sadden ! ),negative,(lack of line breaks in comments is saddening!)
"HXT , a library which be use for parse XML , be a very good example for the usage of arrow ( have a look how often the word occur in the module name of this package ! ) . you shall have a look on the great tutorial : < link > it be also good to have the arrow concept for function . for example the follow code just work , because be an instance of the arrow class ( the operator be define in Control . arrow).thank to the arrow syntax you have also a great tool to write complex computation in Haskell ( it work as well for function , monad and XML filter in HXT ) .",neutral,positive,"HXT , a library which be use for parse XML , be a very good example for the usage of arrow ( have a look how often the word occur in the module name of this package ! ) . you shall have a look on the great tutorial : < link > it be also good to have the arrow concept for function . for example the follow code just work , because be an instance of the arrow class ( the operator be define in Control . arrow).thank to the arrow syntax you have also a great tool to write complex computation in Haskell ( it work as well for function , monad and XML filter in HXT ) .",neutral,"HXT, a library which is used for parsing XML, is a very good example for the usage of arrows (have a look how often the word occurs in the module names of this package!). You shall have a look on the great tutorial: http://adit.io/posts/2012-04-14-working_with_HTML_in_haskell.htmlBut it is also good to have the arrow concept for functions. For example the following code just works, because is an instance of the arrow class (The operator is defined in Control.Arrow).Thanks to the arrow syntax you have also a great tool to write complex computations in Haskell (it works as well for functions, monads and XML filters in HXT)."
"logically , each "" master "" entity should be in its own table if you do not , you will find join will become very painful , and your generic lookup table will accumulate all kind of useless field",neutral,negative,"logically , each "" master "" entity should be in its own table if you do not , you will find join will become very painful , and your generic lookup table will accumulate all kind of useless field",neutral,"logically, each ""master"" entity should be in its own table if you don't, you'll find joins will become very painful, and your generic lookup table will accumulate all kinds of useless fields"
I would say spike should be part of the iteration plan . not just in time . they should be account for the story they belong to . even reading of part of the manual should be estimate . and now for the hard part : do not be afraid to give high estimate . Realistic be ALWAYS well than too low . ;),positive,negative,I would say spike should be part of the iteration plan . not just in time . they should be account for the story they belong to . even reading of part of the manual should be estimate . and now for the hard part : do not be afraid to give high estimate . Realistic be ALWAYS well than too low . ;),positive,I'd say spike should be part of the iteration plan. not just in time. They should be accounted for the story they belong to. Even reading of parts of the manual should be estimated. And now for the hard part: don't be afraid to give high estimates. Realistic is ALWAYS better than too low. ;)
"for instance , will I be able to create an application that allow user to create and modify exist type at runtime ? will I be able to persist instance of those type in SQL without have to worry about the user who add 100,000 record and expect a ( really ) fast query on they ? think SharePoint Content Types ... but on steroid . Oslo steroids - possible or not ?",negative,neutral,"for instance , will I be able to create an application that allow user to create and modify exist type at runtime ? will I be able to persist instance of those type in SQL without have to worry about the user who add 100,000 record and expect a ( really ) fast query on they ? think SharePoint Content Types ... but on steroid . Oslo steroids - possible or not ?",negative,"For instance, will I be able to create an application that allows users to create and modify existing types at runtime? Will I be able to persist instances of those types in SQL without having to worry about the user who adds 100,000 records and expects a (really) fast query on them? Think SharePoint Content Types... but on steroids. Oslo steroids - Possible or not?"
"from Joel Spolsky the Absolute Minimum every Software Developer absolutely , positively must know about Unicode and Character Sets ( No Excuses ! )",neutral,positive,"from Joel Spolsky the Absolute Minimum every Software Developer absolutely , positively must know about Unicode and Character Sets ( No Excuses ! )",neutral,"From Joel Spolsky The Absolute Minimum Every Software Developer Absolutely, Positively Must Know About Unicode and Character Sets (No Excuses!)"
ok I have try this with NEO4J but not with great success ! any tool suggestion ?,neutral,negative,ok I have try this with NEO4J but not with great success ! any tool suggestion ?,neutral,ok i have tried this with NEO4J but not with great success! any tools suggestions ?
"if I understand your question correctly , the exception be because variable be not find inside the function . I would suggest learn scope rule in Python or read this excellent to - the - point chapter on the topic ( or search for this topic on the web!).the other thing I would recommend be not to handle all exception as you have show in your snippet . here be why . the fix code could look something like this :",neutral,positive,"if I understand your question correctly , the exception be because variable be not find inside the function . I would suggest learn scope rule in Python or read this excellent to - the - point chapter on the topic ( or search for this topic on the web!).the other thing I would recommend be not to handle all exception as you have show in your snippet . here be why . the fix code could look something like this :",neutral,"If I understand your question correctly, the exception is because variable is not found inside the function. I'd suggest learning scoping rules in Python or read this excellent to-the-point chapter on the topic (or search for this topic on the Web!).The other thing I'd recommend is not to handle all exceptions as you've shown in your snippet. Here's why.The fixed code could look something like this:"
"always open in my editor be a tab with a text version of MySQL 's manual ( ~100k line in a readable layout ) , which be extremely helpful . the version I have be very old ( when 5.0 be still in beta ) , and this valuable text - file do not exist in mysql.com anymore . be there a new version , or some tool that can create it out of the various exist format ?",positive,neutral,"always open in my editor be a tab with a text version of MySQL 's manual ( ~100k line in a readable layout ) , which be extremely helpful . the version I have be very old ( when 5.0 be still in beta ) , and this valuable text - file do not exist in mysql.com anymore . be there a new version , or some tool that can create it out of the various exist format ?",positive,"Always open in my editor is a tab with a text version of MySQL's manual (~100k lines in a readable layout), which is extremely helpful. The version I have is very old (when 5.0 was still in beta), and this valuable text-file does not exist in mysql.com anymore. Is there a newer version, or some tool that can create it out of the various existing formats?"
probably have something to do with the unbearable bugginess of the Telerik RadControls suite,negative,neutral,probably have something to do with the unbearable bugginess of the Telerik RadControls suite,negative,Probably has something to do with the unbearable bugginess of the Telerik RadControls suite
"I have get a really simple powershell script ( see below ) . I have get installutil aliased use the following in my profile : in powershell I simply : this return successfully . ( Install / commit both complete successfully ) . yet when I check the registry , or in powershell use get - pssnapin -registered it do not show my assembly . I do this the other day and it work fine , but I do not seem to be able to duplicate it ... please advise . }",neutral,positive,"I have get a really simple powershell script ( see below ) . I have get installutil aliased use the following in my profile : in powershell I simply : this return successfully . ( Install / commit both complete successfully ) . yet when I check the registry , or in powershell use get - pssnapin -registered it do not show my assembly . I do this the other day and it work fine , but I do not seem to be able to duplicate it ... please advise . }",neutral,"I've got a really simple powershell script (see below). I've got installutil aliased using the following in my profile: In powershell I simply: This returns successfully. (Install/Commit both complete successfully). Yet when I check the registry, or in powershell using get-pssnapin -registered it doesn't show my assembly. I did this the other day and it worked fine, but I don't seem to be able to duplicate it ... please advise. }"
"I be seek excellent example of Ruby dsl ( Domain Specific Languages ) . which repository , project do you know of that be worth a read ? why be it ( or : be they ) great example ? I be particularly interested in more complex example that be well thought - out and design .",neutral,positive,"I be seek excellent example of Ruby dsl ( Domain Specific Languages ) . which repository , project do you know of that be worth a read ? why be it ( or : be they ) great example ? I be particularly interested in more complex example that be well thought - out and design .",neutral,"I am seeking excellent examples of Ruby DSLs (Domain Specific Languages). Which repositories, projects do you know of that are worth a read? Why is it (or: are they) great examples? I am particularly interested in more complex examples that are well thought-out and designed."
"I would 've answer StackOverflow , but it be not open - source :)",neutral,positive,"I would 've answer StackOverflow , but it be not open - source :)",neutral,"I would've answered StackOverflow, but it's not open-source :)"
"check out it do the "" THIS BE NOT A FUNCTIONAL APP "" napkin view very well and be easy to use . have a full featured you can try out online and as an add bonus you can email your XML to your client and they can tweak it and play with it and email it back to you without have to have a license .",positive,neutral,"check out it do the "" THIS BE NOT A FUNCTIONAL APP "" napkin view very well and be easy to use . have a full featured you can try out online and as an add bonus you can email your XML to your client and they can tweak it and play with it and email it back to you without have to have a license .",positive,"Check out It does the ""THIS IS NOT A FUNCTIONAL APP"" napkin view very well and is easy to use. Has a full featured you can try out online and as an added bonus you can email your XML to your client and they can tweak it and play with it and email it back to you without having to have a license."
"the most correct / idiomatic solution ( if you can not avoid have a collection to begin with ) be to use an : put the into a lambda be not go to make anything any easy . in fact , it will only create more work . of course if you really hate use an you can avoid it , not that it will really help you much : you could emulate the more functional style concept with a method that invoke an action if the object be not , not that this be really any easy than a check when deal with action instead of function :",neutral,negative,"the most correct / idiomatic solution ( if you can not avoid have a collection to begin with ) be to use an : put the into a lambda be not go to make anything any easy . in fact , it will only create more work . of course if you really hate use an you can avoid it , not that it will really help you much : you could emulate the more functional style concept with a method that invoke an action if the object be not , not that this be really any easy than a check when deal with action instead of function :",neutral,"The most correct/idiomatic solution (if you cannot avoid having a collection to begin with) is to use an : Putting the into a lambda isn't going to make anything any easier. In fact, it'll only create more work.Of course if you really hate using an you can avoid it, not that it'll really help you much: You could emulate the more functional style concept with a method that invokes an action if the object isn't , not that this is really any easier than a check when dealing with actions instead of functions:"
StyleReports be one of the most heinous toolsuite I have ever have to use .,negative,neutral,StyleReports be one of the most heinous toolsuite I have ever have to use .,negative,StyleReports is one of the most heinous toolsuites I've ever had to use.
"if you do not have alot of row return I will often use function . if its lot of row , I will just do the query in SQL Developer and save as xls , businessy type love excel for some reason .",neutral,positive,"if you do not have alot of row return I will often use function . if its lot of row , I will just do the query in SQL Developer and save as xls , businessy type love excel for some reason .",neutral,"If you don't have alot of rows returned I'll often use function. If its lots of rows, i'll just do the query in SQL Developer and save as xls, businessy types love excel for some reason."
I be just go through the same process ! I be look at this page : < link > which start talk about coffee shop ! at that point I give up . you have get to love java / oracle documentation !,negative,positive,I be just go through the same process ! I be look at this page : < link > which start talk about coffee shop ! at that point I give up . you have get to love java / oracle documentation !,negative,I'm just going through the same process! I was looking at this page: http://docs.oracle.com/javase/tutorial/jdbc/basics/connecting.html which starts talking about coffee shops! At that point I gave up. You've got to love java/oracle documentation!
"accord to the documentation in VB6 the Mid function return a variant , but mid$ return a string and apparently this be more efficient . my question be : what simple test can I use to discern the difference in performance ? I try look at simple app which do a few string operation , with , but there be no discernible difference . be it worth worry about ? I have get into the habit of use the $ -ized function , but should I recommend everybody on my team to use it as well ?",negative,neutral,"accord to the documentation in VB6 the Mid function return a variant , but mid$ return a string and apparently this be more efficient . my question be : what simple test can I use to discern the difference in performance ? I try look at simple app which do a few string operation , with , but there be no discernible difference . be it worth worry about ? I have get into the habit of use the $ -ized function , but should I recommend everybody on my team to use it as well ?",negative,"According to the documentation in VB6 the Mid function returns a variant, but Mid$ returns a string and apparently this is more efficient. My questions are : What simple test can I use to discern the difference in performance ? I tried looking at simple app which did a few string operations, with , but there was no discernible difference. Is it worth worrying about? I've gotten into the habit of using the $-ized functions, but should I recommend everybody on my team to use it as well ?"
in about 4 month from now I should be able to show you one = P,positive,neutral,in about 4 month from now I should be able to show you one = P,positive,in about 4 months from now I should be able to show you one =P
"would 've love to . but there be no hash_map in the C++ standard library , and PHB 's do not allow code outside of that .",negative,positive,"would 've love to . but there be no hash_map in the C++ standard library , and PHB 's do not allow code outside of that .",negative,"Would've loved to. But there is no hash_map in the C++ standard library, and PHB's don't allow code outside of that."
"can anyone recommend some good resource that highlight the difference between Oracle and the AS/400 database ? I be try to help someone with a lot of AS/400 experience implement an Oracle installation , and they need some guidance . A book or online resource would be ideal .",neutral,positive,"can anyone recommend some good resource that highlight the difference between Oracle and the AS/400 database ? I be try to help someone with a lot of AS/400 experience implement an Oracle installation , and they need some guidance . A book or online resource would be ideal .",neutral,"Can anyone recommend some good resources that highlight the differences between Oracle and the AS/400 database? I am trying to help someone with a lot of AS/400 experience implement an Oracle installation, and they need some guidance. A book or online resource would be ideal."
"this be for facial recognition , and auto submitting username and password in your browser , if you be in front of your PC . nothing malicious bout that ? ! ?",negative,neutral,"this be for facial recognition , and auto submitting username and password in your browser , if you be in front of your PC . nothing malicious bout that ? ! ?",negative,"this is for facial recognition, and auto submitting username and passwords in your browser, if you are in front of your PC. nothing malicious bout that ?!?"
horribly inefficient ! it re - encodes the image each time . try this instead .,negative,positive,horribly inefficient ! it re - encodes the image each time . try this instead .,negative,Horribly inefficient! It re-encodes the image each time. Try this instead.
"per:<link > need to be register as a member of a Google + or Google Group that be designate for beta or alpha testing by the developer . if you be not register , you will only be able to download the production app from Google Play , NOT the beta or Alpha version of the app from Google Play . have the "" link "" will not be sufficient , you need to opt - in to the beta or alpha via Google + or Google Group . please note that even if you properly opt - in via Google + or Google Groups as define by the developer , you will need to wait several hour ( perhaps 2 - 8 hour ) for your status to propagate via Google Play . so , perhaps you need to wait 2 - 8 hour even if your beta / alpha status be proper?Hope this help !",positive,neutral,"per:<link > need to be register as a member of a Google + or Google Group that be designate for beta or alpha testing by the developer . if you be not register , you will only be able to download the production app from Google Play , NOT the beta or Alpha version of the app from Google Play . have the "" link "" will not be sufficient , you need to opt - in to the beta or alpha via Google + or Google Group . please note that even if you properly opt - in via Google + or Google Groups as define by the developer , you will need to wait several hour ( perhaps 2 - 8 hour ) for your status to propagate via Google Play . so , perhaps you need to wait 2 - 8 hour even if your beta / alpha status be proper?Hope this help !",positive,"Per:https://support.google.com/googleplay/android-developer/answer/3131213?hl=enYou need to be registered as a member of a Google + or Google Group that is designated for Beta or Alpha testing by the Developer. If you are not registered, you will only be able to download the production app from Google Play, NOT the Beta or Alpha version of the app from Google Play. Having the ""link"" won't be sufficient, you need to opt-in to the beta or alpha via Google + or Google Group. Please note that even if you properly opt-in via Google + or Google Groups as defined by the developer, you will need to wait several hours (perhaps 2-8 hours) for your status to propagate via Google Play. So, perhaps you need to wait 2-8 hours even if your Beta/Alpha status is proper?Hope this helps!"
"holy thread abuse , Batman !",negative,positive,"holy thread abuse , Batman !",negative,"Holy thread abuse, Batman!"
I really like which C++ however you can easily translate that to C # the author have a web site too .,positive,neutral,I really like which C++ however you can easily translate that to C # the author have a web site too .,positive,I really liked which C++ however you can easily translate that to C# the author has a web site too.
< @user > : depend on how it be use . A common view be that any markup ( HTML or otherwise ) embed in code be a horrible idea ( see Uncle Bob 's book on that ),neutral,negative,< @user > : depend on how it be use . A common view be that any markup ( HTML or otherwise ) embed in code be a horrible idea ( see Uncle Bob 's book on that ),neutral,@Randolpho: Depends on how it is used. A common view is that any markup (HTML or otherwise) embedded in code is a horrible idea (see Uncle Bob's book on that)
I have discover that my Python code be a lot flat than my C++ code . do not know why .,negative,neutral,I have discover that my Python code be a lot flat than my C++ code . do not know why .,negative,I've discovered that my Python code is a lot flatter than my C++ code. Don't know why.
"the problem be in ' third integer ' variable , miss the underscore . see my code : < link > your code!simone",neutral,positive,"the problem be in ' third integer ' variable , miss the underscore . see my code : < link > your code!simone",neutral,"The problem is in 'third integer' variable, missing the underscore. see my code: http://jsfiddle.net/Magicianred/3k5tS/Enjoy your code!Simone"
"this be an internal error * in the Python C code * . something more heinous be go on here , I do not think this be an error in your Python code .",negative,neutral,"this be an internal error * in the Python C code * . something more heinous be go on here , I do not think this be an error in your Python code .",negative,"This is an internal error *in the Python C code*. Something more heinous is going on here, I don't think this is an error in your Python code."
"Anti - JavaScript snobbery ! every language use a separate platform on some level to parse and execute the code . JavaScript be just another language , capable of write "" program "" or "" script "" .",negative,positive,"Anti - JavaScript snobbery ! every language use a separate platform on some level to parse and execute the code . JavaScript be just another language , capable of write "" program "" or "" script "" .",negative,"Anti-JavaScript snobbery! Every language uses a separate platform on some level to parse and execute the code. JavaScript is just another language, capable of writing ""programs"" or ""scripts""."
you do not know if thread be kill unless you catch a signal that tell you so !,neutral,positive,you do not know if thread be kill unless you catch a signal that tell you so !,neutral,You don't know if threads are killed unless you catch a signal that tells you so!
"+1 for * "" ... the debate be about * * what * * be actually meta datum . "" *",positive,neutral,"+1 for * "" ... the debate be about * * what * * be actually meta datum . "" *",positive,"+1 for *""...the debate was about **what** was actually meta data.""*"
because SharePoint be intent on make development painful ;),neutral,negative,because SharePoint be intent on make development painful ;),neutral,Because SharePoint is intent on making development painful ;)
"while your basic point be correct , the code you have show be much slow than the two version give in the question : Afaik , you get four ` int ` in one cache line , that mean on average you get a latency of less than 30 cycle to load the datum ( not consider prefetching ) , you have conditional jump in your loop ( modern architecture hate mispredicte those ) , so you get much , much more than a cycle for each loop iteration . I would wager , your swap will take at least 100 to 200 cycle , probably more , but that heavily depend on the number you be swap ( how many misprediction be make ) .",neutral,negative,"while your basic point be correct , the code you have show be much slow than the two version give in the question : Afaik , you get four ` int ` in one cache line , that mean on average you get a latency of less than 30 cycle to load the datum ( not consider prefetching ) , you have conditional jump in your loop ( modern architecture hate mispredicte those ) , so you get much , much more than a cycle for each loop iteration . I would wager , your swap will take at least 100 to 200 cycle , probably more , but that heavily depend on the number you be swap ( how many misprediction be make ) .",neutral,"While your basic point is correct, the code you've shown is much slower than the two versions given in the question: Afaik, you get four `int` in one cache line, that means on average you get a latency of less than 30 cycles to load the data (not considering prefetching), you have conditional jumps in your loop (modern architectures hate mispredicting those), so you get much, much more than a cycle for each loop iteration. I'd wager, your swap will take at least 100 to 200 cycles, probably more, but that heavily depends on the numbers you are swapping (how many mispredictions are made)."
"Most of the time when Iphone program crash , compiler show stack with full of no 's , but these no 's do not make any sense to I . very rarely it point out where the problem might be and mostly there be these useless no 's . how you can make sure that when your program crash while development / testing , it show at what place this cause this crash ?",negative,neutral,"Most of the time when Iphone program crash , compiler show stack with full of no 's , but these no 's do not make any sense to I . very rarely it point out where the problem might be and mostly there be these useless no 's . how you can make sure that when your program crash while development / testing , it show at what place this cause this crash ?",negative,"Most of the times when Iphone program crash, compiler show stack with full of no's, but these no's don't make any sense to me. Very rarely it point out where the problem might be and mostly there are these useless no's. How you can make sure that when your program crashes while development/testing, it shows at what place this cause this crash?"
"why do not you simply wrap the absolutely excellent XOM with implicit conversion and such ? yes , it will not give you scala 's XML - native - syntax style out of the box ...",neutral,negative,"why do not you simply wrap the absolutely excellent XOM with implicit conversion and such ? yes , it will not give you scala 's XML - native - syntax style out of the box ...",neutral,"Why dont you simply wrap the absolutely excellent XOM with implicit conversions and such? Yes, it won't give you scala's XML-native-syntax style out of the box..."
"A unit test should do the same thing every time that it run , otherwise you may run into a situation where the unit test only fail occasionally , and that could be a real pain to debug . try seed your pseudo - randomizer with the same seed every time ( in the test , that be -- not in production code ) . that way your test will generate the same set of input every time . if you can not control the seed and there be no way to prevent the function you be test from be randomize , then I guess you be stick with an unpredictable unit test . :(",negative,neutral,"A unit test should do the same thing every time that it run , otherwise you may run into a situation where the unit test only fail occasionally , and that could be a real pain to debug . try seed your pseudo - randomizer with the same seed every time ( in the test , that be -- not in production code ) . that way your test will generate the same set of input every time . if you can not control the seed and there be no way to prevent the function you be test from be randomize , then I guess you be stick with an unpredictable unit test . :(",negative,"A unit test should do the same thing every time that it runs, otherwise you may run into a situation where the unit test only fails occasionally, and that could be a real pain to debug. Try seeding your pseudo-randomizer with the same seed every time (in the test, that is--not in production code). That way your test will generate the same set of inputs every time. If you can't control the seed and there is no way to prevent the function you are testing from being randomized, then I guess you are stuck with an unpredictable unit test. :("
try this : the let it run over any file ( incredibly dangerous ! ) but the revision specifi limit it to the specific file include in that changelist .,neutral,negative,try this : the let it run over any file ( incredibly dangerous ! ) but the revision specifi limit it to the specific file include in that changelist .,neutral,Try this: The lets it run over any file (incredibly dangerous!) but the revision specifier limits it to the specific files included in that changelist.
your operating system do dozen of stat call per second already . do not worry about it .,positive,neutral,your operating system do dozen of stat call per second already . do not worry about it .,positive,Your operating system does dozens of stat calls per second already. Don't worry about it.
so to do this I would keep a list of axis and when I delete the content of one I would swap it out with a full one . I think the example below solve the problem ( or at least give an idea of how to solve it ): the extremely ugly for loop construct be really just a placeholder to give an example of how the axis can be swap .,neutral,negative,so to do this I would keep a list of axis and when I delete the content of one I would swap it out with a full one . I think the example below solve the problem ( or at least give an idea of how to solve it ): the extremely ugly for loop construct be really just a placeholder to give an example of how the axis can be swap .,neutral,So to do this I would keep a list of axes and when I delete the contents of one I would swap it out with a full one. I think the example below solved the problem (or at least gives an idea of how to solve it): The extremely ugly for loop construct is really just a placeholder to give an example of how the axes can be swapped.
so to do this I would keep a list of axis and when I delete the content of one I would swap it out with a full one . I think the example below solve the problem ( or at least give an idea of how to solve it ): the extremely ugly for loop construct be really just a placeholder to give an example of how the axis can be swap .,neutral,negative,so to do this I would keep a list of axis and when I delete the content of one I would swap it out with a full one . I think the example below solve the problem ( or at least give an idea of how to solve it ): the extremely ugly for loop construct be really just a placeholder to give an example of how the axis can be swap .,negative,So to do this I would keep a list of axes and when I delete the contents of one I would swap it out with a full one. I think the example below solved the problem (or at least gives an idea of how to solve it): The extremely ugly for loop construct is really just a placeholder to give an example of how the axes can be swapped.
"I be afraid I can not entirely follow your question - do you want to have a sign up form for membership or email notification show as an article ? if so , then the easy way be to install ' m2c ' - the ' module to component ' component . then you can put any module ( ie the sign up box ) in the centre content area . the m2c component can be find here :",negative,neutral,"I be afraid I can not entirely follow your question - do you want to have a sign up form for membership or email notification show as an article ? if so , then the easy way be to install ' m2c ' - the ' module to component ' component . then you can put any module ( ie the sign up box ) in the centre content area . the m2c component can be find here :",negative,"I'm afraid I can't entirely follow your question - do you want to have a sign up form for membership or email notifications shown as an article? If so, then the easiest way is to install 'm2c' - the 'module to component' component. Then you can put any module (ie the sign up box) in the centre content area. The m2c component can be found here:"
do not mean nothing . you have to use,negative,neutral,do not mean nothing . you have to use,negative,doesn't mean nothing. You have to use
why be ` AbstractMap . SimpleEntry ` convolute ?,negative,neutral,why be ` AbstractMap . SimpleEntry ` convolute ?,negative,Why is `AbstractMap.SimpleEntry` convoluted?
"AT what stage be you populate the ListBox ? I fear you be do it too late to be persist in the page , if ViewState be not somehow disabled .",neutral,negative,"AT what stage be you populate the ListBox ? I fear you be do it too late to be persist in the page , if ViewState be not somehow disabled .",neutral,"AT what stage are you populating the ListBox? I fear you are doing it too late to be persisted in the page, if ViewState is not somehow disabled."
"I want to catch all URL 's in the root folder of the url < link > the url can not end in a trail slash , and can not contain any slash at all . so these should pass : < link > < link > < link > * * fail ! < link > * * FAIL !",negative,positive,"I want to catch all URL 's in the root folder of the url < link > the url can not end in a trail slash , and can not contain any slash at all . so these should pass : < link > < link > < link > * * fail ! < link > * * FAIL !",negative,"I want to catch all URL's in the root folder of the url www.example.com The url cannot end in a trailing slash, and can't contain any slashes at all. so these should pass: www.example.com/abc www.example.com/abc123-asdf www.example.com/abc123/ ** fail! www.example.com/asdfsd/asdf ** FAIL!"
how to add some text between content tag . say wow it work !,neutral,positive,how to add some text between content tag . say wow it work !,neutral,How to add some text between content tags. Say Wow it works!
why do you hate Photoshop ?,neutral,negative,why do you hate Photoshop ?,neutral,Why do you hate Photoshop?
you can just see all the W3C Examples and you will be fine ! Delete a Cookie with JavaScript delete a cookie be very simple . just set the expire parameter to a pass date :,neutral,positive,you can just see all the W3C Examples and you will be fine ! Delete a Cookie with JavaScript delete a cookie be very simple . just set the expire parameter to a pass date :,neutral,You can just see all the W3C Examples and you'll be fine! Delete a Cookie with JavaScript Deleting a cookie is very simple. Just set the expires parameter to a passed date:
I have a complex site that incorporate alot of javascript and it be get absolutely KILL by IE7 . how would I go about serve this code : HTML JS in such a way that IE7 never get the and therefore never hide ?,negative,neutral,I have a complex site that incorporate alot of javascript and it be get absolutely KILL by IE7 . how would I go about serve this code : HTML JS in such a way that IE7 never get the and therefore never hide ?,negative,I have a complex site that incorporates alot of javascript and it is getting absolutely KILLED by IE7. How would I go about serving this code: HTML JS In such a way that IE7 never gets the and therefore never hides ?
"in element would receive a unique identifier ( a cache key ) when require , store in the property of a node , . . so in I be curious , as I be in the process of implement similar logic , how jQuery identify a node in . reference a line number in the github repo would be excellent !",neutral,positive,"in element would receive a unique identifier ( a cache key ) when require , store in the property of a node , . . so in I be curious , as I be in the process of implement similar logic , how jQuery identify a node in . reference a line number in the github repo would be excellent !",neutral,"In elements would receive a unique identifier (a cache key) when required, stored in the property of a node, . . So in I was curious, as I'm in the process of implementing similar logic, how jQuery identify a node in . Referencing a line number in the github repo would be excellent!"
"one potentially valid reason to impose some maximum password length be that the process of hash it ( due to the use of a slow hashing function such as bcrypt ) take up too much time ; something that could be abuse in order to execute a DOS attack against the server . then again , server should be configure to automatically drop request handler that take too long . so I doubt this would be much of a problem .",neutral,negative,"one potentially valid reason to impose some maximum password length be that the process of hash it ( due to the use of a slow hashing function such as bcrypt ) take up too much time ; something that could be abuse in order to execute a DOS attack against the server . then again , server should be configure to automatically drop request handler that take too long . so I doubt this would be much of a problem .",neutral,"One potentially valid reason to impose some maximum password length is that the process of hashing it (due to the use of a slow hashing function such as bcrypt) takes up too much time; something that could be abused in order to execute a DOS attack against the server. Then again, servers should be configured to automatically drop request handlers that take too long. So I doubt this would be much of a problem."
"I be use a WPF validation for TextBox validation . I have define this template : the TextBox be locate on a form in a TabItem . everything work fine , but the ' ! ' TextBlock stay visible when I choose other TabItems . this behaviour be observe in many other case - when expander expand etc .. the Excklamation always stay visible on the same place , although the TextBox be not diplaye .",neutral,positive,"I be use a WPF validation for TextBox validation . I have define this template : the TextBox be locate on a form in a TabItem . everything work fine , but the ' ! ' TextBlock stay visible when I choose other TabItems . this behaviour be observe in many other case - when expander expand etc .. the Excklamation always stay visible on the same place , although the TextBox be not diplaye .",neutral,"I'm using a WPF validation for TextBox validation. I have defined this Template: The TextBox is located on a form in a TabItem. Everything works fine, but the '!' TextBlock stays visible when I choose other TabItems. This behaviour is observed in many other cases - when expander expands etc.. the Excklamation always stays visible on the same place, although the TextBox is not diplayed."
"I be not sure what you mean by "" pure C "" but strchr ( ) and string.h have be part of Standard C for 20 year .",negative,neutral,"I be not sure what you mean by "" pure C "" but strchr ( ) and string.h have be part of Standard C for 20 year .",negative,"I'm not sure what you mean by ""pure C"" but strchr() and string.h have been part of Standard C for 20 years."
I have add a reference to an excellent article show to go about it .,neutral,positive,I have add a reference to an excellent article show to go about it .,neutral,I have added a reference to an excellent article showing to go about it.
"you could try use the HTML < button > tag instead of a link or a submit button . for example , the < button > tag be much easy to style than the standard < input type=""submit "" > . there be some cross - browser quirk but they be not insurmountable . A really great article about the use of < button > can be find at particletree :",neutral,positive,"you could try use the HTML < button > tag instead of a link or a submit button . for example , the < button > tag be much easy to style than the standard < input type=""submit "" > . there be some cross - browser quirk but they be not insurmountable . A really great article about the use of < button > can be find at particletree :",neutral,"You could try using the HTML <button> tag instead of a link or a submit button. For example, The <button> tag is much easier to style than the standard <input type=""submit"">. There are some cross-browser quirks but they are not insurmountable. A really great article about the use of <button> can be found at particletree:"
"the question on how to check input for validity be answer numerous time ! you just check whether the stream be in a good state . if not , you will reset the stream and ignore the character . search for question where this answer . also , do not use exception for non - exceptional case and * always * throw something derive from ` std::exception ` : once you have try to locate where an exception come from which be not derive from ` std::exception ` in a program with a few million line of code you will find it extremely helpful to look at what ` what ( ) ` return !",negative,positive,"the question on how to check input for validity be answer numerous time ! you just check whether the stream be in a good state . if not , you will reset the stream and ignore the character . search for question where this answer . also , do not use exception for non - exceptional case and * always * throw something derive from ` std::exception ` : once you have try to locate where an exception come from which be not derive from ` std::exception ` in a program with a few million line of code you will find it extremely helpful to look at what ` what ( ) ` return !",negative,"The question on how to check input for validity is answered numerous times! You just check whether the stream is in a good state. If not, you'll reset the stream and ignore the character. Search for question where this answered. Also, don't use exceptions for non-exceptional cases and *always* throw something derived from `std::exception`: once you have tried to locate where an exception came from which isn't derived from `std::exception` in a program with a few million lines of code you'll find it extremely helpful to look at what `what()` returns!"
"I would not class that a problem . if you structure thing in a meaningful way , you should be able to look at the JS , see where all the event hook be . if you be worried too much about it , you * could * set the rel attr to js , or prepent the ID with js _ , etc .",neutral,positive,"I would not class that a problem . if you structure thing in a meaningful way , you should be able to look at the JS , see where all the event hook be . if you be worried too much about it , you * could * set the rel attr to js , or prepent the ID with js _ , etc .",neutral,"I wouldn't class that a problem. If you structure things in a meaningful way, you should be able to look at the JS, see where all the event hooks are. If you're worried too much about it, you *could* set the rel attr to js, or prepent the ID with js_, etc."
"the function signature for pthread_create require a function that return . also , return from should be treat opaquely . both of these change be reflect below and compile on my machine : UPDATE : there be some other issue with your program as well . for example , it be very likely that main will exit before your thread run . you should join on your thread if you want to make sure it exit first . use raw pthread be a great way to learn about thread but can be very very painful compare to some of the pre - existing framework out there - try boost::thread or std::thread if you want to just get up and run with as little hassle as possible .",neutral,positive,"the function signature for pthread_create require a function that return . also , return from should be treat opaquely . both of these change be reflect below and compile on my machine : UPDATE : there be some other issue with your program as well . for example , it be very likely that main will exit before your thread run . you should join on your thread if you want to make sure it exit first . use raw pthread be a great way to learn about thread but can be very very painful compare to some of the pre - existing framework out there - try boost::thread or std::thread if you want to just get up and run with as little hassle as possible .",neutral,"The function signature for pthread_create requires a function that returns . Also, returned from should be treated opaquely. Both of these changes are reflected below and compile on my machine: UPDATE: There are some other issues with your program as well. For example, it's very likely that main will exit before your thread runs. You should join on your thread if you want to make sure it exits first. Using raw pthreads is a great way to learn about threads but can be very very painful compared to some of the pre-existing frameworks out there - try boost::thread or std::thread if you want to just get up and running with as little hassle as possible."
try : this should make it open as a pop - up ( unless default browser setting be different)although it be not recommend to use pop up anymore because most user find it extremely annoying . hope this help .,positive,negative,try : this should make it open as a pop - up ( unless default browser setting be different)although it be not recommend to use pop up anymore because most user find it extremely annoying . hope this help .,positive,Try: This should make it open as a pop-up (unless default browser setting are different)Although it's not recommended to use pop ups anymore because most users find it extremely annoying.Hope this helped.
I need from document object or from a DOM element ( i.e. a DIV ) to know which be its window object . in Firefox I can do : but obviously in that AWFUL browser that statement not work ! ! !,negative,positive,I need from document object or from a DOM element ( i.e. a DIV ) to know which be its window object . in Firefox I can do : but obviously in that AWFUL browser that statement not work ! ! !,negative,I need from document object or from a DOM element (i.e. a DIV) to know which is its window object. In Firefox I can do: but obviously in that AWFUL browser that statement not work!!!
"< @user > : no , I be not ask . I be scared of the answer .",negative,neutral,"< @user > : no , I be not ask . I be scared of the answer .",negative,"@sixlettervariables: No, I'm not asking. I'm scared of the answer."
-1 this be not language agnostic .,negative,neutral,-1 this be not language agnostic .,negative,-1 This isn't language agnostic.
"currently the msbuild log for team build be appalling as they be just plain text and be very difficult to read . also the one create by my build be approx 30mb and take quite a while to download ( our TFS server be in our datacentre ) . do anyone know any way of be able to view these log easy , prefereably integrate with either TFS itself or TFS WebAccess ?",negative,neutral,"currently the msbuild log for team build be appalling as they be just plain text and be very difficult to read . also the one create by my build be approx 30mb and take quite a while to download ( our TFS server be in our datacentre ) . do anyone know any way of be able to view these log easy , prefereably integrate with either TFS itself or TFS WebAccess ?",negative,"Currently the msbuild logs for team build are appalling as they are just plain text and are very difficult to read. Also the ones created by my build are approx 30Mb and take quite a while to download (our TFS server is in our datacentre). Does anyone know any way of being able to view these logs easier, prefereably integrated with either TFS itself or TFS WebAccess?"
< @user > when downvote someone you be suggest to explain why ...,negative,neutral,< @user > when downvote someone you be suggest to explain why ...,negative,@sjdowling when downvoting someone you are suggested to explain why...
work for I on Win 7,neutral,positive,work for I on Win 7,neutral,Works for me on Win 7
"make a canvas path glow by apply a series of overlap shadow with increase blurA Demo : < link > can change the styling of the glow by vary the number of overlay and the blur size . example code for a glow effect : to get the outline path of your phone image , you can use the "" marching ant "" algorithm . this algorithm will create a path that outline an image . in your case you would define the image as all pixel that be not transparent . here be a very good implementation of "" march ant "" that be use in the excellent d3 library:<link > use like this : drawimage your phone on the canvas . get the pixel color array from the canvas use ctx.getImageData Define a function that check the pixel array for non - transparent pixel at any x , y on the canvas . call the contour function : here be an example result : the glow be automatically generate use overlap shadowsthe outline path of the phone be calculate use the marching ant algorithm",neutral,positive,"make a canvas path glow by apply a series of overlap shadow with increase blurA Demo : < link > can change the styling of the glow by vary the number of overlay and the blur size . example code for a glow effect : to get the outline path of your phone image , you can use the "" marching ant "" algorithm . this algorithm will create a path that outline an image . in your case you would define the image as all pixel that be not transparent . here be a very good implementation of "" march ant "" that be use in the excellent d3 library:<link > use like this : drawimage your phone on the canvas . get the pixel color array from the canvas use ctx.getImageData Define a function that check the pixel array for non - transparent pixel at any x , y on the canvas . call the contour function : here be an example result : the glow be automatically generate use overlap shadowsthe outline path of the phone be calculate use the marching ant algorithm",neutral,"Make a canvas path glow by applying a series of overlapping shadows with increasing blurA Demo: http://jsfiddle.net/m1erickson/Z3Lx2/You can change the styling of the glow by varying the number of overlays and the blur size.Example code for a glow effect: To get the outline path of your phone image, you can use the ""marching ants"" algorithm.This algorithm will create a path that outlines an image. In your case you would define the image as all pixels that are not transparent.Here's a very good implementation of ""marching ants"" that is used in the excellent d3 library:https://github.com/d3/d3-plugins/blob/master/geom/contour/contour.jsIt's used like this:DrawImage your phone on the canvas. Get the pixel color array from the canvas using ctx.getImageData Define a function that checks the pixel array for non-transparent pixels at any x,y on the canvas. Call the contour function: Here's an example result:the glow is automatically generated using overlapping shadowsthe outline path of the phone is calculated using the marching ants algorithm"
"I want an simple IDE / editor for C in Linux to which I can add feature easily . for example : I want to add a right click menu item and a related action for the editor . it should be easy to extent and add any desirable functionality . I try eclipse CDT but its to much of learning(I mean know the eclipse plug - in architecture and the CDT extension point and stuff ) to do for the small modification / s I want to do . thank , Sachin",neutral,positive,"I want an simple IDE / editor for C in Linux to which I can add feature easily . for example : I want to add a right click menu item and a related action for the editor . it should be easy to extent and add any desirable functionality . I try eclipse CDT but its to much of learning(I mean know the eclipse plug - in architecture and the CDT extension point and stuff ) to do for the small modification / s I want to do . thank , Sachin",neutral,"I want an simple IDE/editor for C in Linux to which I can add features easily. For example: I want to add a right click menu item and a related action for the editor. It should be easy to extent and add any desirable functionality. I tried eclipse CDT but its to much of learning(I mean knowing the eclipse plug-in architecture and the CDT extension points and stuff) to do for the small modification/s I want to do. Thanks, Sachin"
"be there a way to aid gmail in make thread ? we be currently use same subject to do this , but that really uglyfie the subject a lot .",negative,neutral,"be there a way to aid gmail in make thread ? we be currently use same subject to do this , but that really uglyfie the subject a lot .",negative,"Is there a way to aid gmail in making threads? We are currently using same Subjects to do this, but that really uglyfies the subject a lot."
"if I start a process with exec ( ) , how can I later terminate that process , with say press / send the "" q "" key . instead of use , you could look at use , which require that you pass in an array specify three -- one for , one for and one for . this will let you easily feed input into the program while process output , without block just wait for it to execute . you can later use to viciously murder it , if need .",neutral,negative,"if I start a process with exec ( ) , how can I later terminate that process , with say press / send the "" q "" key . instead of use , you could look at use , which require that you pass in an array specify three -- one for , one for and one for . this will let you easily feed input into the program while process output , without block just wait for it to execute . you can later use to viciously murder it , if need .",neutral,"If I start a process with exec(), how can I later terminate that process, with say pressing/sending the ""q"" key. Instead of using , you could look at using , which requires that you pass in an array specifying three -- one for , one for and one for . This will let you easily feed input into the program while processing output, without blocking just waiting for it to execute. You can later use to viciously murder it, if needed."
shameeeee on I ! ! !,negative,positive,shameeeee on I ! ! !,negative,Shameeeee on me!!!
< @user>-vic no worry !,neutral,positive,< @user>-vic no worry !,neutral,@Ad-vic No worries!
can talk a bit more about the not so normal .net experience ? I be think to go for Mosso ...,negative,neutral,can talk a bit more about the not so normal .net experience ? I be think to go for Mosso ...,negative,can talk a bit more about the not so normal .net experience? I was thinking to go for Mosso...
-5 vote ? ? People who have downvote this answer should have specify the reason for do so as well .,negative,neutral,-5 vote ? ? People who have downvote this answer should have specify the reason for do so as well .,negative,-5 votes?? People who have downvoted this answer should have specified the reason for doing so as well.
it appear that Microsoft be aware of this issue and they have ... I do not know if this be address in IE8 B2 ... you might try it and see . good luck !,neutral,positive,it appear that Microsoft be aware of this issue and they have ... I do not know if this be address in IE8 B2 ... you might try it and see . good luck !,neutral,It appears that Microsoft is aware of this issue and they have ... I don't know if this was addressed in IE8 B2... you might try it and see. Good luck!
"he hate p tag , clearly ;)",neutral,negative,"he hate p tag , clearly ;)",neutral,"he hates p tags, clearly ;)"
pragmatic approach : see other answer for excellent backgrounder !,neutral,positive,pragmatic approach : see other answer for excellent backgrounder !,neutral,Pragmatic approach: See other answers for excellent backgrounders!
you have to use symlink instead of an alias ... sad there be no ui for that ! you have to go into the Terminal and type : the first PATH be the base path of the original file and the second be for the base path for the symlink of the file / folder etc,neutral,negative,you have to use symlink instead of an alias ... sad there be no ui for that ! you have to go into the Terminal and type : the first PATH be the base path of the original file and the second be for the base path for the symlink of the file / folder etc,neutral,you have to use symlinks instead of an alias... sad there is no ui for that! you have to go into the Terminal and type: the first PATH is the base path of the original file and the second is for the base path for the symlink of the file/folder etc
"there be an excellent example of how to implement your own two - dimensional ArrayList and ( re- ) use it in your specific case : no need to reinvent the wheel , go for it !",neutral,positive,"there be an excellent example of how to implement your own two - dimensional ArrayList and ( re- ) use it in your specific case : no need to reinvent the wheel , go for it !",neutral,"There is an excellent example of how to implement your own two-dimensional ArrayList and (re-) use it in your specific case: No need to reinvent the wheel, go for it!"
I do not know that . I always think it be AND .,negative,neutral,I do not know that . I always think it be AND .,negative,I didn't know that. I always thought it was AND.
"with the interoperability approach ( wsdl - first ) , be you still hand code the wsdl ? if so , be you still run into the same pain point you have describe ? or have you have you find a well solution ?",neutral,negative,"with the interoperability approach ( wsdl - first ) , be you still hand code the wsdl ? if so , be you still run into the same pain point you have describe ? or have you have you find a well solution ?",neutral,"with the interoperability approach (wsdl-first), are you still hand coding the wsdl? If so, are you still running into the same pain points you've described? Or have you have you found a better solution?"
be this valid ? what I be really worried about be can you specify type and also use def at the same time ?,negative,neutral,be this valid ? what I be really worried about be can you specify type and also use def at the same time ?,negative,Is this valid ? what I'm really worried about is can you specify type and also use def at the same time?
be this valid ? what I be really worried about be can you specify type and also use def at the same time ?,negative,neutral,be this valid ? what I be really worried about be can you specify type and also use def at the same time ?,negative,Is this valid ? what I'm really worried about is can you specify type and also use def at the same time?
"< @user > why , then , do he invoke "" Hoare 's dictum "" ? Knuth 's paper be more about clarity than about optimization . the quote never actually appear in the paper ; rather , he write "" in our previous discussion we conclude that premature emphasis on efficiency be a big mistake which may well be the source of most programming complexity and grief "" .",neutral,negative,"< @user > why , then , do he invoke "" Hoare 's dictum "" ? Knuth 's paper be more about clarity than about optimization . the quote never actually appear in the paper ; rather , he write "" in our previous discussion we conclude that premature emphasis on efficiency be a big mistake which may well be the source of most programming complexity and grief "" .",neutral,"@JonHanna Why, then, did he invoke ""Hoare's dictum""? Knuth's paper was more about clarity than about optimization. The quote never actually appears in the paper; rather, he wrote ""In our previous discussion we concluded that premature emphasis on efficiency is a big mistake which may well be the source of most programming complexity and grief""."
"I have use the ExprTk library in the past , it be easy to use and fast in evaluation . < link >",positive,neutral,"I have use the ExprTk library in the past , it be easy to use and fast in evaluation . < link >",positive,"I've used the ExprTk library in the past, it's easy to use and fast in evaluation. http://www.partow.net/programming/exprtk/index.html"
false & & false = = false I be afraid that you would need to make that the negation of an XOR in order to make it correct .,neutral,negative,false & & false = = false I be afraid that you would need to make that the negation of an XOR in order to make it correct .,neutral,false && false == false I'm afraid that you would need to make that the negation of an XOR in order to make it correct.
instead of load everything which be neither possible nor really desirable I would use a slide window instead - when you reach a certain maximum list size ( say i.e. 300 item ) you automatically remove the top 100 item when you add the next 100 item to the bottom . if you scroll just right after the update this should not even be noticeable by your user .,negative,neutral,instead of load everything which be neither possible nor really desirable I would use a slide window instead - when you reach a certain maximum list size ( say i.e. 300 item ) you automatically remove the top 100 item when you add the next 100 item to the bottom . if you scroll just right after the update this should not even be noticeable by your user .,negative,Instead of loading everything which is neither possible nor really desirable I would use a sliding window instead - when you reach a certain maximum list size (say i.e. 300 items) you automatically remove the top 100 items when you add the next 100 items to the bottom. If you scroll just right after the update this shouldn't even be noticeable by your users.
"if it come with an incredibly annoying sound , then it be a MessageBox . it not , then it be maybe some kind of child window - see",neutral,negative,"if it come with an incredibly annoying sound , then it be a MessageBox . it not , then it be maybe some kind of child window - see",neutral,"If it comes with an incredibly annoying sound, then it's a MessageBox. It not, then it's maybe some kind of child window - see"
"assume we want to validate user input , while user be type in a jtextfield . for validate the user input , I wonder if I could use Ragel . assume the input should follow this example regex : how can I do this with ragel ? can anybody give a short example how to validate user input "" on the fly "" ( while input ) with ragel ? the Ragel documentation miss some good example for a Quick Start , so I ask here .",neutral,positive,"assume we want to validate user input , while user be type in a jtextfield . for validate the user input , I wonder if I could use Ragel . assume the input should follow this example regex : how can I do this with ragel ? can anybody give a short example how to validate user input "" on the fly "" ( while input ) with ragel ? the Ragel documentation miss some good example for a Quick Start , so I ask here .",neutral,"Assume we want to validate user input, while user is typing in a JTextField. For validating the user input, I wonder if I could use Ragel. Assume the input should follow this example regex: How can I do this with ragel? Can anybody give a short example how to validate user input ""on the fly"" (while inputing) with ragel? The Ragel documentations misses some good examples for a Quick Start, so I ask here."
"I do not use IronPython , but what I have read so far about it do not certify the "" incredibly bad python implementation "" [ typo fix ] .",negative,neutral,"I do not use IronPython , but what I have read so far about it do not certify the "" incredibly bad python implementation "" [ typo fix ] .",negative,"I don't use IronPython, but what I've read so far about it does not certify the ""incredibly bad python implementation"" [typo fixed]."
"I assume you be use Ken Reitz 's excellent request library to do the HTTP request ( if not , you really should be!)Most likely , the problem be that request do not add a ' content - type ' header to multi - part upload , and packmgr do not read multi - part body with no ' content - type ' header . so , while a normal ' request ' POST of a multipart - encode file would go something like this : you instead have to use the long form , set an explicit content - type : note that one side - effect of do it this way be that it can not stream the file - the entire package ZIP file will be read into memory .",neutral,positive,"I assume you be use Ken Reitz 's excellent request library to do the HTTP request ( if not , you really should be!)Most likely , the problem be that request do not add a ' content - type ' header to multi - part upload , and packmgr do not read multi - part body with no ' content - type ' header . so , while a normal ' request ' POST of a multipart - encode file would go something like this : you instead have to use the long form , set an explicit content - type : note that one side - effect of do it this way be that it can not stream the file - the entire package ZIP file will be read into memory .",neutral,"I assume you're using Ken Reitz's excellent requests library to do the HTTP requests (if not, you really should be!)Most likely, the problem is that requests doesn't add a 'Content-type' header to multi-part uploads, and packmgr doesn't read multi-part bodies with no 'Content-type' header. So, while a normal 'requests' POST of a multipart-encoded file would go something like this: you instead have to use the longer form, setting an explicit content-type: Note that one side-effect of doing it this way is that it cannot stream the file - the entire package ZIP file will be read into memory."
extremely lousy solution .,negative,neutral,extremely lousy solution .,negative,Extremely lousy solution.
be very afraid ?,neutral,negative,be very afraid ?,neutral,be very afraid?
sound like desirable behaviour to I ! how do you make it do that again ? ! ?,positive,neutral,sound like desirable behaviour to I ! how do you make it do that again ? ! ?,positive,sounds like desirable behaviour to me! How do you make it do that again?!?
"I be look for a simple mode to to obtain automatic fit - to - window effect use a wx.grid . Grid object inside on of my window . by now my 4 column grid have many white space on the right but I find this very ugly , well if all column expand or collapse base on window size change ! be there a way to get this to work ?",neutral,negative,"I be look for a simple mode to to obtain automatic fit - to - window effect use a wx.grid . Grid object inside on of my window . by now my 4 column grid have many white space on the right but I find this very ugly , well if all column expand or collapse base on window size change ! be there a way to get this to work ?",neutral,"I am looking for a simple mode to to obtain automatic fit-to-window effect using a wx.grid.Grid object inside on of my window. By now my 4 column grid has many white space on the right but I find this very ugly, better if all column expand or collapse based on window size change! Is there a way to get this to works?"
"try this , you will avoid the much dread IN operator with subquerie ( they can sometimes be inefficient , to say the least ) !",neutral,negative,"try this , you will avoid the much dread IN operator with subquerie ( they can sometimes be inefficient , to say the least ) !",neutral,"Try this, you will avoid the much dreaded IN operator with subqueries (they can sometimes be inefficient, to say the least)!"
"there be some debate over that FAQ entry . yes , by all mean , answer your own question . but if you routinely have a set of pre - baked question and answer , then this site just become a blog , rather than an exchange . you have the misfortune of pick a day when someone abuse the spirit of that FAQ .",negative,positive,"there be some debate over that FAQ entry . yes , by all mean , answer your own question . but if you routinely have a set of pre - baked question and answer , then this site just become a blog , rather than an exchange . you have the misfortune of pick a day when someone abuse the spirit of that FAQ .",negative,"There's some debate over that FAQ entry. Yes, by all means, answer your own question. But if you routinely have a set of pre-baked questions and answers, then this site just becomes a blog, rather than an exchange. You have the misfortune of picking a day when someone abused the spirit of that FAQ."
"yes , GridBagLayout be really painful . but it be still powerful . in many case , you can not escape from it . let check this tiny utility to see it it ease your pain",neutral,negative,"yes , GridBagLayout be really painful . but it be still powerful . in many case , you can not escape from it . let check this tiny utility to see it it ease your pain",neutral,"Yes, GridBagLayout is really painful. But it's still powerful. In many cases, you cannot escape from it. Lets check this tiny utility to see it it ease your pain"
"be there a keyboard shortcut or macro to collapse all region in Visual Studio 's toolbox ? ( fail either of those , I will take an addin that allow this ! )",neutral,positive,"be there a keyboard shortcut or macro to collapse all region in Visual Studio 's toolbox ? ( fail either of those , I will take an addin that allow this ! )",neutral,"Is there a keyboard shortcut or macro to collapse all regions in Visual Studio's toolbox? (Failing either of those, I'll take an addin that allows this!)"
"I have hear rumour that Angry Birds can make you throw little bird on green pig , and that you can not do that in Visual Studio !",neutral,negative,"I have hear rumour that Angry Birds can make you throw little bird on green pig , and that you can not do that in Visual Studio !",neutral,"I've heard rumours that Angry Birds can make you throw little birds on green pigs, and that you cannot do that in Visual Studio!"
the exclamation mark make this question seem really exciting .,neutral,positive,the exclamation mark make this question seem really exciting .,neutral,The exclamation mark makes this question seem really exciting.
I could be miss something ( I be nothing of an expert ) but after follow your step I still have to package all * dll * 's in the * exe * folder . be not it OP 's intention to have everything package into the * exe * file ?,neutral,positive,I could be miss something ( I be nothing of an expert ) but after follow your step I still have to package all * dll * 's in the * exe * folder . be not it OP 's intention to have everything package into the * exe * file ?,neutral,I could be missing something (I'm nothing of an expert) but after following your steps I still have to package all *dll*'s in the *exe* folder. Wasn't it OP's intention to have everything packaged into the *exe* file?
"I be use this installation for a non - networked demo of the application , and I will only have my laptop there . I toy with a virtual machine on my laptop , though I be afraid the speed would hamper my demo .",neutral,negative,"I be use this installation for a non - networked demo of the application , and I will only have my laptop there . I toy with a virtual machine on my laptop , though I be afraid the speed would hamper my demo .",neutral,"I'm using this installation for a non-networked demo of the application, and I'll only have my laptop there. I toyed with a virtual machine on my laptop, though I'm afraid the speed would hamper my demo."
